HC5150,Машинка для стрижки волос Remington HC5150,https://www.mvideo.ru/products/mashinka-dlya-strizhki-volos-remington-hc5150-20022935,1789,9499
HC5156,Машинка для стрижки волос Remington HC5150,https://www.mvideo.ru/products/mashinka-dlya-strizhki-volos-remington-hc5156-20077281,1789,9499
HC5018,Машинка для стрижки волос Remington HC5150,https://www.mvideo.ru/products/mashinka-dlya-strizhki-volos-remington-hc5018-20035396,1789,9499
HC7170,Машинка для стрижки волос Remington HC5150,https://www.mvideo.ru/products/mashinka-dlya-strizhki-volos-remington-pro-power-titanium-pro-hc7170-20052026,1789,9499
HC7130,Машинка для стрижки волос Remington HC5150,https://www.mvideo.ru/products/mashinka-dlya-strizhki-volos-remington-pro-power-titanium-hc7130-20051939,1789,9499
PG4000,Машинка для стрижки волос Remington HC5150,https://www.mvideo.ru/products/trimmer-remington-pg4000-20066808,,
PG6030,Машинка для стрижки волос Remington HC5150,https://www.mvideo.ru/products/trimmer-remington-pg6030-20036168,,
PG6150,Машинка для стрижки волос Remington HC5150,https://www.mvideo.ru/products/trimmer-remington-mb5000-style-series-b5-20073727,,
MB5000,Машинка для стрижки волос Remington HC5150,https://www.mvideo.ru/products/trimmer-remington-mb5000-style-series-b5-20073727,,
MB3000,Машинка для стрижки волос Remington HC5150,https://www.mvideo.ru/products/trimmer-remington-mb3000-b3-style-series-20071730,,
MB4131,Машинка для стрижки волос Remington HC5150,https://www.mvideo.ru/products/trimmer-remington-mb4131-20075934,,
MB350L,Машинка для стрижки волос Remington HC5150,https://www.mvideo.ru/products/trimmer-remington-mb350l-20060017,,
MB4120,Машинка для стрижки волос Remington HC5150,https://www.mvideo.ru/products/trimmer-remington-mb4120-20035913,,
NE3850,Машинка для стрижки волос Remington HC5150,https://www.mvideo.ru/products/trimmer-remington-nano-series-ne3850-20041002,,
NE3150,Машинка для стрижки волос Remington HC5150,https://www.mvideo.ru/products/trimmer-remington-ne3150-20022887,,
EC9001,Машинка для стрижки волос Remington HC5150,https://www.mvideo.ru/products/fen-remington-ec9001-hydraluxe-pro-20071731,,
AC9140B,Машинка для стрижки волос Remington HC5150,https://www.mvideo.ru/products/fen-remington-proluxe-midnight-edition-ac9140b-20066356,,
AC8901,Машинка для стрижки волос Remington HC5150,https://www.mvideo.ru/products/fen-remington-ac8901-hydraluxe-20071734,,
AC8820,Машинка для стрижки волос Remington HC5150,https://www.mvideo.ru/products/fen-remington-keratin-protect-dryer-ac8820-20040865,,
D3080,Машинка для стрижки волос Remington HC5150,https://www.mvideo.ru/products/fen-remington-d3080--20037797,,
AS8810,Машинка для стрижки волос Remington HC5150,https://www.mvideo.ru/products/fen-shhetka-remington-keratin-protect-as8810-20040982,,
AS8901,Машинка для стрижки волос Remington HC5150,https://www.mvideo.ru/products/fen-shhetka-remington-as8901-hydraluxe-20071732,,
AS8606,Машинка для стрижки волос Remington HC5150,https://www.mvideo.ru/products/fen-shhetka-remington-curlstraight-confidence-as8606-20067649,,
AS7051,Машинка для стрижки волос Remington HC5150,https://www.mvideo.ru/products/fen-shhetka-remington-volume-and-curl-as7051-20049091,,
S9001,Машинка для стрижки волос Remington HC5150,https://www.mvideo.ru/products/vypryamitel-volos-remington-hydraluxe-pro-s9001-20072313,,
S9100B,Машинка для стрижки волос Remington HC5150,https://www.mvideo.ru/products/vypryamitel-volos-remington-proluxe-midnight-edition-s9100b-20066355,,
S8901,Машинка для стрижки волос Remington HC5150,https://www.mvideo.ru/products/vypryamitel-volos-remington-hydraluxe-s8901-20072312,,
S8598,Машинка для стрижки волос Remington HC5150,https://www.mvideo.ru/products/vypryamitel-volos-remington-keratin-protect-intelligent-straightener-s8598-20040866,,
S8500,Машинка для стрижки волос Remington HC5150,https://www.mvideo.ru/products/vypryamitel-volos-remington-shine-therapy-s8500-20027788,,
CI91W1B,Машинка для стрижки волос Remington HC5150,https://www.mvideo.ru/products/elektroshhipcy-remington-proluxe-midnight-edition-ci91w1b-20066357,,
CI89H1,Машинка для стрижки волос Remington HC5150,https://www.mvideo.ru/products/elektroshhipcy-remington-ci89h1-hydraluxe-20071733,,
CI83V6,Машинка для стрижки волос Remington HC5150,https://www.mvideo.ru/products/elektroshhipcy-remington-keratin-protect-curling-wand-ci83v6-20040867,,
Ci6525,Машинка для стрижки волос Remington HC5150,https://www.mvideo.ru/products/elektroshhipcy-remington-ci6525-20059573,,
CI5538,Машинка для стрижки волос Remington HC5150,https://www.mvideo.ru/products/elektroshhipcy-remington-ci5538-20059572,,
S8670,Машинка для стрижки волос Remington HC5150,https://www.mvideo.ru/products/multistailer-remington-s8670-20028738,,
S3580,Машинка для стрижки волос Remington HC5150,https://www.mvideo.ru/products/shhipcy-gofre-remington-s3580-ceramic-crimp-20059571,,
H5670,Машинка для стрижки волос Remington HC5150,https://www.mvideo.ru/products/elektrobigudi-remington-h5670-20036831,,
